id,score,rid
1,92,166
2,100,2690
3,95,908
6,100,1663
7,92,1334
8,84,2717
10,87,2869
11,100,1241
12,100,235
13,87,2037
14,90,1919
16,100,53
17,92,210
19,100,52
20,89,458
21,97,5492
22,92,2262
24,100,781
25,79,3630
28,100,5353
29,100,2188
30,92,1242
31,100,829
32,84,3682
33,100,884
34,100,1303
36,94,3101
37,100,2313
38,100,2168
39,100,113
42,94,1223
44,84,3287
45,100,2383
46,100,1610
47,100,465
48,100,2950
49,100,2908
51,90,477
53,100,1286
54,97,247
55,95,595
57,92,3532
58,100,782
60,100,3225
62,100,215
64,100,1243
66,83,909
67,86,959
68,95,1224
69,100,3162
71,97,3972
75,95,396
76,86,2905
77,97,431
78,90,233
79,97,1391
80,100,910
82,92,1392
83,84,4547
84,100,2554
85,100,217
86,95,2549
88,90,2512
89,100,447
90,100,49
91,97,258
92,100,1783
93,100,2064
94,100,2468
95,87,3275
96,100,1120
97,92,960
98,95,2065
99,100,885
100,94,1548
101,95,341
102,100,2236
103,100,1260
104,95,644
105,100,467
106,92,54
107,92,3343
108,100,783
110,91,596
111,83,1036
112,97,1335
113,97,3199
114,95,2364
115,100,574
116,95,2268
117,100,1512
118,97,1457
120,94,2789
121,97,1058
122,100,5155
123,84,1879
124,100,3565
125,95,3684
129,100,597
130,84,2066
131,97,237
132,97,4319
133,100,933
134,100,353
135,100,1225
136,79,1559
137,95,1066
138,97,1393
139,97,501
140,97,502
142,95,1881
145,100,2573
146,100,1143
147,100,2067
148,100,874
149,97,5292
150,100,1939
154,94,1184
155,86,1262
156,100,3814
157,92,2410
158,87,3289
159,84,2068
161,95,934
162,97,3183
163,97,2796
165,81,1809
166,94,3030
167,97,384
168,95,847
169,100,1550
170,100,2837
171,100,848
172,95,3331
173,92,139
175,100,1394
177,100,758
179,90,5620
180,95,1560
183,100,3815
186,97,62
187,100,411
191,100,1833
192,100,292
193,100,3200
194,100,1834
196,97,3685
197,95,57
198,80,1626
199,92,2237
200,97,558
201,100,1561
202,89,1638
203,86,4355
204,100,1544
205,94,2797
206,97,3411
207,100,862
208,92,1954
209,100,2169
210,95,1936
211,95,414
212,100,2669
213,100,1038
214,95,3290
215,95,989
220,84,415
221,94,2574
222,100,1506
226,100,249
227,92,2872
228,91,4674
229,97,1569
230,95,3045
231,95,3566
232,97,5222
233,100,1955
234,97,3603
235,82,961
236,97,2093
237,90,2170
239,84,935
240,95,262
241,100,116
242,95,3973
243,89,962
246,100,2263
247,100,849
248,100,104
249,97,3078
254,100,1942
255,92,2411
256,100,503
258,95,646
259,100,2432
260,100,1989
261,95,1308
262,100,3345
263,89,1356
266,97,3201
267,87,1598
269,100,5355
270,87,1357
273,97,3474
276,97,2144
277,100,1772
278,78,3387
281,100,2094
282,90,598
283,83,3202
284,100,859
285,100,5133
286,97,4184
287,95,1836
288,100,2384
289,97,151
290,97,3604
291,100,4766
292,97,841
296,100,1956
298,92,628
300,94,2314
302,95,875
303,100,5495
304,100,2595
305,95,990
306,100,451
307,95,2953
309,100,3412
310,89,1458
311,89,1883
312,97,759
313,95,410
314,92,2433
315,100,2172
316,82,3051
317,100,1768
318,95,1092
319,97,2576
320,100,2469
321,97,1627
323,92,1309
324,100,2024
325,100,1613
327,100,1748
328,95,2207
329,94,3226
332,89,1696
333,100,1304
334,84,1144
336,100,599
337,100,953
338,100,1145
339,100,3413
340,89,5022
341,97,306
344,97,850
345,92,1336
347,90,964
348,89,3276
349,94,3466
350,97,3538
353,89,600
354,80,991
355,100,4357
356,100,1665
358,100,575
359,87,965
360,100,2296
361,86,3891
362,100,2238
363,100,761
364,100,830
365,100,3076
367,100,913
368,100,2653
369,94,299
370,84,576
371,90,2536
372,85,1957
374,100,3052
375,100,360
376,100,1263
377,94,1513
378,100,966
379,95,1307
380,100,1146
381,100,647
382,100,433
383,94,434
384,100,145
385,100,722
386,100,315
387,92,317
388,94,2627
389,95,2095
390,95,1949
391,97,967
392,100,2753
393,95,886
394,100,3292
395,94,3568
396,100,1639
398,87,1475
400,100,837
401,100,4647
402,100,205
403,97,887
404,100,1264
405,92,668
407,100,319
408,95,717
409,89,343
411,92,223
413,92,2931
415,100,2208
416,87,3499
417,97,723
419,78,1482
421,100,2039
422,87,703
423,89,669
424,92,3205
425,100,1337
426,92,5
427,100,1483
429,97,1899
430,97,4518
431,100,17
432,94,1227
433,95,3731
434,92,948
436,100,2297
437,100,2315
439,95,342
440,100,601
442,89,1717
443,100,5476
444,92,1614
446,100,3008
447,92,59
448,95,1054
450,100,536
451,91,230
452,92,1017
454,100,888
455,100,5253
456,95,2298
457,95,2874
458,94,2284
459,100,1900
460,95,346
461,97,1810
462,100,2956
463,100,3228
465,95,1761
466,95,1214
468,100,409
469,89,478
470,95,1202
471,100,1244
472,100,1358
473,100,1562
474,92,2550
477,90,2909
478,81,2040
479,94,2316
481,97,2672
482,97,1514
484,100,3080
485,81,2470
486,100,762
491,100,763
492,84,2264
495,89,2546
498,87,3500
499,92,50
500,97,1536
501,97,27
502,95,416
503,85,537
504,81,1215
505,100,209
506,100,992
508,95,1515
510,100,670
511,95,1870
512,92,350
513,97,505
515,100,2070
516,97,1599
517,94,1507
518,95,2755
519,97,1901
520,100,169
521,90,2071
522,97,3571
523,89,2673
524,89,2386
527,87,863
529,92,226
530,97,3146
531,71,103
532,100,889
533,97,938
534,92,3419
535,89,1461
537,74,4826
538,100,2387
539,97,1462
540,97,348
541,100,1397
542,97,305
544,97,671
545,92,1265
546,90,3978
547,84,1600
549,97,764
550,97,2875
551,100,3009
552,92,280
553,89,1769
555,90,1148
556,97,577
557,100,1310
559,97,1697
560,91,968
561,95,3979
562,97,1149
563,95,2190
564,73,2358
565,100,2756
566,94,1698
567,100,1434
568,100,864
569,92,724
570,100,578
571,97,4359
572,97,2018
573,100,1122
574,100,1749
575,92,2513
576,92,765
578,100,1245
579,97,1571
580,100,1750
581,91,123
582,97,2010
583,84,1812
584,100,213
587,100,2124
588,100,2270
589,92,365
592,100,2799
594,100,1860
596,100,324
597,100,1116
600,91,4166
601,100,2719
602,79,851
603,100,303
604,100,2214
605,90,1861
606,95,2388
608,100,1123
610,95,268
611,92,2932
612,95,876
613,100,877
615,97,1751
616,92,3388
617,95,1902
618,92,1555
619,100,865
621,100,1359
622,95,648
623,100,2072
625,87,2933
626,92,2720
627,91,786
628,92,1338
629,100,1537
630,100,1071
632,92,539
633,97,2173
634,100,3053
635,100,713
636,100,2628
637,100,142
638,84,2840
639,100,3739
640,100,2412
641,97,2073
642,86,5296
643,100,2174
644,81,4124
645,100,993
646,92,2074
647,92,3054
648,94,2300
649,97,3981
650,100,1093
652,91,2042
653,100,1773
654,97,812
655,95,1960
656,92,3048
657,100,2556
658,97,2096
662,97,1564
663,94,3389
665,87,1229
666,100,2191
667,100,2319
668,95,135
669,81,375
670,90,994
671,94,436
673,84,4106
674,95,1784
675,91,3011
676,90,3049
677,82,47
678,97,2723
683,82,3232
684,100,1666
685,100,437
686,97,246
687,97,1339
689,95,4186
690,100,1117
693,100,915
695,100,1718
696,95,2097
698,87,1628
699,100,2724
700,97,1699
701,100,1774
702,89,1340
703,89,5726
704,97,813
706,95,3233
707,71,1838
708,97,2125
709,97,766
710,100,2934
711,84,2126
712,100,2413
713,92,1435
714,94,2694
717,95,320
718,100,46
719,100,83
720,100,1785
721,100,1786
722,100,995
723,89,392
724,95,673
725,95,2127
726,100,3782
727,89,1311
728,95,20
729,100,1839
730,100,480
732,95,1216
733,100,63
734,90,3349
736,97,1730
737,92,468
746,91,674
747,92,969
748,90,1039
749,95,241
750,97,1341
751,100,1150
752,100,2076
753,100,767
754,94,4187
755,97,114
756,100,1961
757,100,418
759,100,3055
760,100,2271
762,100,1018
763,95,2142
764,97,1059
765,100,160
770,95,10
771,100,1108
772,95,3541
774,81,649
775,100,101
776,76,1752
777,76,1246
778,100,1139
779,97,2414
780,95,3108
781,91,1289
783,83,523
784,100,1361
785,100,2598
787,100,675
788,97,1694
789,100,2128
790,97,1731
791,89,450
792,97,1700
796,92,89
797,84,1787
798,94,1573
799,92,2452
800,100,1640
801,81,2936
802,95,4773
803,95,2453
804,89,3234
805,76,5261
806,100,852
808,100,1425
809,95,1072
810,100,1485
811,95,2098
812,95,3575
813,100,3463
814,100,1840
815,97,996
817,100,4252
818,95,3000
820,97,481
821,95,2389
822,97,1342
823,97,156
825,100,3691
826,97,2557
827,100,2696
828,87,1124
831,100,3843
833,82,540
835,81,1486
836,100,118
837,100,2472
838,100,1990
839,97,5538
840,92,272
841,82,2844
842,97,815
843,100,2175
844,100,15
846,100,2759
848,100,2926
850,97,1362
851,92,808
852,92,3390
853,82,1040
854,97,2367
855,94,1991
856,95,1426
857,100,2600
859,97,14
860,83,2146
861,97,528
862,97,117
863,100,1508
864,86,2515
867,100,2077
868,97,1884
871,97,3637
872,91,3822
873,100,970
874,100,294
875,100,296
876,100,297
877,95,971
878,100,972
879,100,298
880,100,300
884,97,94
885,97,2147
886,95,312
888,100,2784
889,100,2382
890,100,65
891,100,3295
892,97,604
893,94,1775
894,92,1073
899,95,2368
900,87,3057
901,95,1813
902,100,1060
903,97,1125
905,100,2558
906,97,2876
907,100,1267
908,97,2661
910,100,1247
914,100,202
916,92,4653
917,94,420
918,85,2454
919,100,954
921,92,3001
922,95,2801
923,100,916
924,100,2725
926,94,580
927,95,167
929,95,2516
930,94,2632
932,100,2176
933,97,3077
934,95,1862
935,92,541
936,100,2984
937,100,2675
939,100,1920
940,95,2129
941,100,4419
942,91,676
943,88,1151
944,94,1451
945,97,788
946,100,1343
947,100,1701
948,95,1248
950,100,3083
951,92,2760
952,100,768
953,95,2287
954,100,789
955,89,1231
956,100,1152
957,100,1776
960,84,2301
962,100,482
963,100,3577
964,100,2209
965,100,2938
967,91,818
968,84,245
969,95,581
970,100,4831
971,100,90
973,89,2455
975,97,4490
976,100,1732
979,97,385
980,92,2698
982,100,1921
983,97,466
984,95,325
986,100,1788
987,92,605
988,100,2099
989,95,1871
990,97,2823
991,100,2100
992,95,2896
993,100,2369
995,100,1863
996,94,5391
997,89,677
999,87,5266
1000,90,542
1001,95,1677
1002,97,5792
1003,100,366
1004,100,582
1006,92,1667
1007,100,878
1008,100,1020
1009,92,1419
1010,95,5468
1011,97,2265
1012,100,2847
1013,92,1487
1014,90,2078
1015,84,769
1016,92,1363
1017,82,3035
1018,95,1398
1019,100,4884
1020,77,1789
1021,97,1872
1022,97,651
1024,89,1777
1026,97,1944
1027,100,407
1028,92,2473
1029,92,148
1030,100,4550
1032,100,1232
1033,84,3928
1034,100,2474
1036,90,1075
1037,92,3488
1039,95,2803
1040,100,126
1041,97,4253
1042,97,335
1043,92,860
1045,82,3086
1047,100,2633
1048,92,1778
1052,95,1488
1053,100,1489
1054,89,1668
1055,92,2210
1056,94,3236
1057,92,3112
1058,100,4541
1059,86,4254
1060,97,7
1063,97,5268
1064,95,3426
1068,100,2321
1069,100,1950
1070,100,892
1071,94,543
1072,100,955
1073,100,1790
1075,100,3166
1076,97,2761
1077,100,4461
1078,71,1841
1079,95,189
1080,87,1442
1081,100,1864
1082,100,879
1083,100,2247
1084,100,544
1085,100,1963
1086,87,831
1087,72,1344
1088,100,174
1089,100,949
1090,100,1312
1091,100,125
1092,83,1964
1093,97,3427
1094,100,2699
1095,95,2266
1096,94,1702
1097,97,1762
1098,94,2476
1099,97,190
1100,97,172
1101,100,2272
1102,100,1313
1103,91,406
1104,95,583
1108,100,3607
1109,100,2011
1110,100,3957
1111,84,1314
1112,97,221
1113,81,2603
1114,100,3113
1115,79,2477
1116,78,893
1118,94,3114
1120,92,3639
1121,100,483
1122,90,1611
1123,100,1153
1125,87,3211
1126,97,5121
1127,82,3277
1128,92,2559
1129,92,705
1131,100,2416
1132,100,170
1133,97,248
1134,100,2178
1135,100,196
1136,87,4573
1137,97,678
1139,100,3278
1140,92,1399
1141,100,1452
1143,92,199
1144,75,1992
1145,87,2634
1146,100,4654
1147,97,2130
1148,87,43
1151,94,956
1152,100,918
1153,100,1575
1154,95,507
1155,100,958
1156,100,1427
1157,100,3296
1158,97,70
1160,87,2701
1161,95,2581
1163,95,3167
1166,100,401
1167,97,1885
1168,100,2604
1169,95,1533
1170,94,484
1171,97,725
1172,95,1453
1173,97,4
1174,95,2288
1175,100,2762
1176,95,679
1177,95,2248
1179,100,5362
1182,83,3619
1183,92,92
1185,92,2849
1186,95,3297
1187,89,1519
1188,94,5001
1189,97,2962
1191,97,2786
1192,97,3391
1193,97,74
1194,100,1109
1195,100,2878
1196,94,997
1197,89,718
1198,82,3013
1199,91,3279
1201,100,2043
1203,85,1061
1206,84,1703
1207,100,1993
1208,95,5503
1209,100,4856
1210,97,1922
1211,100,4019
1212,89,3002
1213,90,1217
1214,100,1965
1215,87,2582
1217,87,1615
1218,100,1042
1219,95,1791
1220,95,508
1221,100,1994
1222,100,545
1223,89,87
1224,91,3115
1225,100,4147
1226,92,1546
1227,90,518
1228,100,1607
1229,87,1401
1231,94,770
1232,97,66
1234,95,1719
1235,97,3149
1239,97,1679
1240,90,1576
1241,100,295
1242,100,3860
1243,100,606
1244,100,2012
1245,90,421
1246,95,2249
1248,95,854
1249,100,2302
1250,95,440
1251,92,2806
1252,95,1290
1253,95,1154
1255,79,1
1262,97,3502
1263,100,1951
1264,97,2478
1265,100,2583
1267,100,1420
1268,100,2131
1269,100,2250
1271,100,2251
1273,100,2179
1276,100,229
1277,100,2252
1278,95,1421
1279,100,1704
1280,97,2025
1281,100,239
1282,97,1402
1283,100,2132
1284,95,1706
1286,95,2606
1293,100,1577
1295,89,1983
1296,100,1865
1297,97,1753
1298,100,2273
1299,100,1365
1300,97,1904
1304,97,225
1306,97,2148
1307,97,1654
1308,94,2149
1309,97,2150
1310,100,2151
1311,100,1655
1312,94,2152
1313,94,2153
1314,94,2154
1315,94,2155
1316,97,2156
1317,100,2157
1318,94,2158
1319,97,2159
1320,100,2160
1321,97,2161
1322,91,2162
1323,100,706
1324,100,281
1325,95,998
1326,100,2239
1327,100,919
1328,92,387
1329,100,2940
1331,100,3861
1333,97,3543
1336,95,24
1337,100,485
1338,97,3960
1339,97,3116
1341,84,293
1342,92,3237
1345,100,181
1347,95,328
1348,92,5162
1349,95,607
1350,100,1842
1353,95,3299
1354,100,2763
1357,90,1188
1358,100,2663
1359,79,790
1360,89,894
1363,100,2352
1364,95,4331
1365,81,1404
1367,89,1429
1368,95,509
1369,95,1707
1372,95,1128
1374,95,2103
1375,95,2941
1377,97,839
1378,95,422
1380,100,572
1381,97,2790
1382,95,1734
1383,95,3280
1384,97,1189
1385,97,2133
1386,89,1735
1387,95,1736
1388,92,1129
1389,100,2180
1390,95,1995
1391,94,1464
1392,95,3326
1393,100,1044
1394,100,2348
1397,95,584
1398,100,84
1399,100,2104
1400,100,1155
1401,100,726
1402,100,388
1403,97,2480
1404,100,2436
1407,94,546
1408,90,397
1409,71,2539
1410,100,3580
1411,100,585
1412,94,227
1413,90,2274
1414,100,153
1416,87,2968
1417,97,1094
1420,100,3351
1421,95,608
1422,95,1967
1423,100,1578
1425,72,1815
1428,97,76
1429,95,999
1430,97,21
1431,100,304
1432,95,2392
1434,87,2807
1435,94,3693
1436,87,2105
1437,95,2678
1438,71,2517
1439,87,2275
1441,92,1641
1442,92,334
1443,97,727
1444,100,2027
1445,77,1405
1446,94,1816
1447,100,2028
1448,100,1179
1449,87,165
1450,90,1689
1451,97,2079
1455,100,3987
1456,100,1000
1458,100,1067
1459,95,2850
1460,97,2635
1461,90,2106
1462,95,3118
1463,100,2029
1464,100,2851
1471,80,143
1472,86,91
1473,88,1465
1474,100,2665
1475,90,370
1476,95,2703
1477,86,1055
1478,97,2044
1479,94,2636
1480,100,2679
1481,100,5438
1482,95,609
1483,100,2518
1485,97,3643
1486,97,3644
1487,100,380
1490,97,1538
1491,95,1476
1492,92,2437
1493,87,2276
1495,95,3504
1496,95,1156
1497,97,1022
1498,95,1157
1499,100,3548
1500,92,1894
1501,100,610
1502,100,2370
1503,100,1629
1504,91,4717
1505,95,1968
1506,100,2135
1507,100,3581
1508,85,1608
1509,97,194
1510,100,4741
1514,82,1708
1515,97,1001
1517,100,487
1518,100,1158
1519,76,611
1520,95,1680
1521,85,586
1522,100,78
1525,100,1616
1526,95,3015
1527,89,833
1528,100,4990
1530,100,3239
1532,92,2255
1534,100,3328
1535,100,1551
1536,100,2107
1537,100,1367
1538,85,1844
1539,97,1617
1540,100,1180
1541,95,2560
1542,92,2045
1543,95,612
1545,100,381
1546,97,64
1547,100,1477
1548,100,4959
1550,100,1233
1551,100,2046
1552,76,2942
1554,87,3059
1555,100,1565
1556,100,2256
1558,95,3240
1559,100,1140
1560,97,511
1561,100,3430
1562,100,1534
1563,100,819
1564,75,652
1565,100,1046
1566,100,2481
1568,100,2637
1569,100,3281
1570,100,895
1572,92,1817
1573,86,423
1574,90,1095
1577,97,3153
1579,90,1737
1580,100,653
1583,100,2192
1584,94,1969
1585,95,4421
1586,100,834
1587,89,3746
1588,100,2732
1589,95,1249
1590,90,728
1592,95,488
1593,92,974
1594,95,2520
1595,89,1520
1596,90,842
1597,97,867
1598,73,2047
1602,100,1159
1603,90,896
1604,100,402
1606,100,587
1607,94,3550
1608,95,1845
1610,100,2108
1611,97,2439
1612,97,680
1613,94,1190
1614,100,1690
1618,97,1644
1619,90,3393
1620,100,489
1621,100,880
1622,92,714
1623,92,1368
1624,94,729
1625,100,527
1626,100,2483
1627,94,2808
1628,97,3582
1629,95,1068
1630,100,2371
1631,100,3060
1632,97,1793
1633,89,3551
1634,100,1971
1635,100,3120
1636,100,185
1638,90,730
1644,87,2484
1645,100,1923
1646,94,176
1647,100,1369
1648,97,1940
1649,100,474
1650,90,1906
1651,92,1681
1652,100,337
1653,100,26
1654,97,159
1655,100,1406
1656,100,2680
1658,100,588
1659,100,2418
1660,92,2608
1661,95,2609
1662,100,1794
1663,100,3300
1664,100,3610
1665,100,861
1667,100,547
1668,100,1315
1669,97,2547
1670,85,1077
1672,92,391
1673,94,177
1674,87,3962
1675,82,2704
1676,94,252
1678,95,1270
1679,87,1023
1680,95,2136
1681,100,1972
1682,95,3094
1683,100,490
1684,100,3301
1689,95,3611
1691,100,40
1692,95,389
1694,97,287
1695,95,1160
1696,90,1738
1697,94,77
1698,100,88
1700,100,1271
1701,97,771
1702,95,4658
1703,97,183
1704,95,707
1705,100,34
1706,76,4075
1707,97,3963
1708,94,187
1709,100,180
1712,100,1272
1713,100,1907
1714,92,2303
1715,100,2882
1716,83,1024
1717,100,2163
1718,92,1110
1719,100,3217
1721,100,5305
1722,95,940
1723,100,2327
1724,97,3340
1725,100,2109
1726,100,1682
1727,100,1234
1729,100,12
1730,100,2164
1731,100,1161
1733,87,1795
1736,92,559
1737,74,491
1739,100,3016
1740,100,232
1741,100,3749
1743,100,2193
1744,100,4280
1746,100,2048
1747,81,772
1749,100,1466
1750,85,3095
1751,95,1521
1752,100,681
1753,100,2826
1754,100,3303
1755,100,654
1756,95,1250
1757,97,1819
1758,100,2521
1759,100,1494
1760,95,868
1761,97,1931
1762,92,512
1764,94,1924
1767,83,921
1768,95,2827
1769,89,4453
1770,100,3750
1771,100,3156
1772,95,869
1773,100,1096
1774,100,870
1775,100,2
1776,97,3724
1778,81,3040
1779,86,274
1780,84,1618
1781,95,1235
1783,91,2522
1784,95,3335
1785,100,1430
1786,97,72
1790,100,1669
1792,100,3329
1793,95,332
1794,100,2682
1795,81,792
1796,89,1252
1797,100,4150
1798,100,516
1800,95,3019
1801,82,549
1802,92,2551
1803,95,4619
1804,95,5276
1805,100,80
1806,100,171
1807,92,1205
1809,97,2328
1810,100,1316
1811,94,3830
1812,100,2195
1814,95,822
1815,76,2540
1816,95,3063
1817,86,307
1819,94,2165
1820,90,1671
1821,97,1181
1823,100,1952
1824,70,2137
1825,90,2050
1826,95,2456
1828,100,3241
1829,95,18
1830,89,149
1831,90,4694
1833,97,3242
1835,100,2372
1837,95,1866
1840,100,1874
1841,100,3020
1842,95,3282
1843,100,191
1844,95,1779
1845,100,1522
1846,100,3831
1848,95,1973
1849,100,2353
1852,100,3507
1853,89,67
1854,94,1047
1855,92,843
1858,95,1163
1860,100,3668
1862,94,4838
1863,97,3157
1864,92,4718
1865,100,4195
1866,100,424
1867,100,4196
1869,95,4232
1870,100,425
1871,100,426
1872,86,1218
1873,97,1025
1874,100,898
1875,100,3553
1876,90,492
1877,97,2883
1878,100,493
1879,91,136
1881,76,1998
1882,100,2110
1883,94,793
1885,100,5507
1886,95,3648
1887,94,3122
1888,100,3243
1889,100,3832
1890,85,1097
1891,97,152
1893,85,941
1894,92,2111
1895,90,682
1897,94,5178
1898,95,2330
1900,91,1079
1901,87,2441
1902,74,3792
1903,100,683
1904,100,1182
1905,76,2182
1906,95,3356
1907,95,1796
1908,100,1467
1910,100,195
1911,100,1510
1912,97,922
1914,97,1026
1915,100,3613
1917,97,3171
1918,95,2393
1920,95,2277
1921,95,1468
1922,100,1849
1923,97,655
1924,94,1080
1925,95,1850
1926,100,3991
1927,97,3992
1928,100,3993
1929,100,1851
1930,100,163
1931,100,162
1932,97,2491
1933,100,2492
1934,100,4620
1935,100,4621
1936,100,3996
1937,95,1852
1938,100,1082
1939,100,1083
1940,100,3997
1941,97,1853
1942,97,4623
1943,92,1854
1944,95,1084
1945,82,656
1946,100,4624
1947,100,1855
1948,94,3998
1949,100,657
1950,100,658
1951,100,2494
1953,92,3696
1954,95,3794
1955,97,3158
1958,83,2706
1959,94,1523
1960,77,1630
1961,100,427
1962,90,1253
1963,92,2854
1964,95,367
1965,100,5759
1966,100,309
1967,100,2683
1968,90,2912
1969,95,684
1971,100,513
1972,100,2349
1973,100,1925
1974,100,1317
1975,97,685
1976,95,774
1977,97,1370
1978,100,1371
1979,100,3047
1980,94,383
1981,90,1423
1982,92,3438
1983,95,1192
1985,97,686
1987,92,2496
1989,100,975
1990,100,733
1991,91,1797
1993,91,531
1995,100,1410
1996,95,3769
1997,100,3895
1998,100,3725
1999,92,2828
2000,95,613
2001,100,1910
2003,100,826
2004,100,3305
2005,95,633
2006,95,371
2007,100,2899
2009,100,2707
2010,94,5095
2011,100,2031
2012,95,2032
2013,100,494
2014,95,2809
2015,100,2304
2016,92,1683
2017,90,1974
2018,95,1373
2020,92,3669
2021,97,1374
2022,97,1375
2023,100,471
2024,100,2112
2025,100,1111
2026,100,1975
2027,100,464
2028,100,2457
2029,95,3022
2030,100,1112
2031,97,2458
2032,100,95
2033,94,3557
2034,100,470
2035,100,1376
2036,92,2642
2037,100,1976
2038,89,2113
2039,100,2306
2040,90,2307
2041,100,1978
2042,97,2460
2043,100,475
2044,100,2114
2045,100,97
2046,97,98
2047,100,99
2049,100,2855
2050,97,4685
2051,100,2308
2054,100,1911
2056,100,1305
2057,100,871
2058,95,1535
2060,97,1002
2062,100,2019
2064,100,1165
2065,92,775
2066,82,776
2067,95,85
2068,90,1887
2070,90,2737
2071,100,2708
2072,100,2143
2073,97,2331
2075,87,2257
2076,100,872
2077,71,1999
2079,86,82
2080,94,1130
2081,87,589
2082,95,157
2084,100,659
2085,94,2499
2086,95,2051
2089,100,1027
2090,95,2220
2094,100,2166
2095,92,37
2096,94,1495
2097,100,614
2099,90,13
2101,97,4374
2102,97,1798
2105,95,709
2106,95,1587
2107,97,2610
2108,100,1003
2109,97,36
2113,91,976
2114,85,4095
2115,84,5463
2117,100,1524
2119,100,134
2120,100,1085
2121,100,2000
2122,97,2461
2123,100,2643
2124,100,150
2125,100,977
2126,100,4536
2127,100,408
2128,100,2052
2129,97,1213
2132,100,1674
2133,97,899
2134,100,1822
2135,97,286
2136,100,1273
2137,95,900
2138,100,1875
2143,97,2900
2145,82,93
2146,100,2138
2153,100,1979
2154,97,308
2155,100,2291
2156,100,4841
2158,95,1274
2159,97,2221
2160,97,1445
2161,97,1028
2163,92,1446
2164,100,1675
2165,95,2611
2166,95,3754
2167,90,3065
2168,100,269
2171,100,4812
2172,100,1275
2173,92,1631
2174,100,3359
2176,100,1166
2177,97,2524
2178,100,710
2179,89,2541
2181,100,2791
2183,94,251
2184,100,3440
2185,97,211
2186,100,212
2187,90,214
2188,97,2767
2189,97,2768
2190,100,2769
2192,83,1431
2193,100,3027
2194,100,2563
2195,94,2944
2197,88,3941
2198,97,1605
2199,100,1447
2201,100,2054
2202,100,2080
2203,100,1981
2204,94,2885
2205,100,443
2207,84,283
2208,100,2501
2209,100,1293
2210,100,206
2211,100,1004
2212,100,1764
2214,88,1739
2215,97,1377
2216,100,660
2217,100,661
2218,100,615
2219,100,662
2221,97,720
2222,100,3399
2224,84,2394
2226,97,4236
2227,100,2332
2230,100,5097
2231,100,224
2232,100,3616
2233,100,48
2235,100,734
2236,92,2564
2237,100,1469
2238,97,2565
2239,97,1141
2245,100,4345
2248,100,61
2249,94,1005
2250,97,1780
2251,97,102
2252,100,2081
2253,95,663
2254,94,3402
2255,100,25
2256,97,220
2257,100,2644
2258,92,3127
2259,100,1945
2260,100,1867
2261,92,1132
2262,100,1740
2263,95,4046
2264,97,2831
2266,100,100
2267,94,1276
2268,92,3245
2269,92,3159
2270,100,3737
2273,100,1710
2274,100,687
2275,94,444
2276,95,3363
2277,100,2739
2278,100,322
2279,97,2502
2280,92,777
2282,95,3284
2284,100,1029
2285,100,2857
2286,95,2198
2287,70,827
2289,100,590
2290,95,551
2291,97,2258
2294,100,3403
2295,100,3404
2296,89,3221
2297,95,1219
2298,94,591
2299,100,2183
2300,87,1711
2301,100,2709
2302,83,3129
2303,92,4575
2304,92,901
2306,97,1378
2307,97,1379
2309,100,617
2310,94,44
2314,100,495
2318,86,3066
2319,95,256
2320,90,2585
2321,97,3050
2322,95,2646
2323,97,173
2324,92,2684
2327,100,393
2328,97,1203
2334,79,2946
2335,87,3285
2336,100,1556
2337,100,840
2338,100,1006
2339,92,1346
2340,100,115
2341,100,56
2343,97,2115
2344,97,737
2345,83,923
2346,76,828
2347,100,234
2348,88,3098
2349,94,1119
2350,92,1448
2351,100,140
2352,92,3406
2354,71,1645
2355,92,738
2356,100,929
2357,89,3160
2358,92,168
2359,100,3099
2360,97,1193
2361,90,1566
2362,92,560
2363,100,4467
2364,100,3698
2365,92,5313
2366,100,519
2369,97,356
2371,87,2462
2372,95,1007
2374,100,2685
2375,87,1496
2376,100,1856
2377,92,3067
2379,95,1712
2380,100,2222
2381,92,2020
2383,90,311
2384,94,1781
2386,100,1048
2387,87,823
2388,100,978
2390,90,382
2392,100,2947
2394,97,2021
2396,100,122
2397,100,4198
2398,100,1432
2399,100,1008
2400,100,58
2401,95,38
2402,100,1619
2403,100,1742
2404,100,592
2405,95,794
2406,92,552
2407,97,778
2408,89,795
2410,97,1113
2411,84,1277
2413,97,2335
2414,84,5314
2415,92,1824
2416,95,2167
2417,97,3222
2418,95,1743
2419,97,2741
2420,100,496
2421,97,23
2422,100,254
2423,94,154
2425,97,1540
2427,100,3247
2430,89,4847
2431,95,2566
2432,95,3223
2433,85,1722
2434,100,1937
2435,100,2116
2436,89,3622
2437,95,1691
2438,95,3131
2439,92,740
2440,86,796
2441,94,138
2442,100,619
2443,100,5315
2445,89,5238
2446,95,1236
2447,78,4354
2448,100,1676
2449,95,2223
2450,89,5615
2451,100,1754
2452,100,2859
2453,92,2586
2454,100,4201
2455,95,86
2456,81,3310
2457,100,453
2458,92,554
2459,100,1380
2460,95,2544
2461,94,2199
2463,95,2773
2464,95,620
2465,89,1009
2466,100,1982
2467,100,1497
2468,100,2587
2469,100,2588
2470,84,3375
2471,90,555
2472,100,218
2473,90,455
2474,97,844
2475,100,3376
2476,97,2397
2477,97,1876
2478,94,857
2480,100,4627
2481,97,2082
2483,100,1526
2484,92,1010
2485,97,33
2486,100,3900
2487,100,290
2489,100,903
2490,97,51
2491,100,2200
2492,100,497
2493,100,3185
2494,100,621
2496,100,2083
2497,97,429
2498,92,643
2499,95,2548
2501,100,2201
2502,100,3702
2503,87,2614
2504,92,1686
2507,95,5118
2508,100,514
2509,94,1255
2510,100,622
2514,100,2084
2515,89,5241
2516,91,263
2517,100,259
2518,95,3444
2519,90,2463
2520,87,377
2521,79,32
2522,95,257
2523,95,8
2524,94,515
2525,100,689
2527,95,3874
2528,97,1168
2529,89,4097
2531,100,2224
2533,100,1478
2534,100,556
2535,94,4668
2537,92,712
2538,95,1099
2539,82,2833
2540,95,351
2541,100,2616
2543,95,121
2544,94,742
2545,92,881
2546,100,1063
2547,100,288
2548,92,858
2549,95,2423
2550,97,1169
2552,97,1498
2553,100,1220
2554,100,1857
2556,100,2240
2557,81,498
2558,100,499
2559,97,664
2560,100,2553
2561,92,4816
2562,100,1030
2563,100,1589
2564,70,824
2565,92,2617
2567,100,4469
2568,95,1744
2569,100,561
2570,100,2225
2571,97,2424
2572,100,500
2574,100,4381
2576,100,2504
2577,87,4688
2578,100,1912
2579,100,809
2580,100,291
2581,100,593
2582,100,2139
2583,100,2350
2584,100,1527
2585,100,1413
2586,100,743
2587,100,594
2588,100,1256
2589,100,60
2590,100,2241
2592,100,1695
2593,100,1620
2594,100,1221
2595,100,4579
2596,100,2022
2597,100,744
2598,100,1621
2599,100,810
2600,97,1499
2602,100,780
2603,100,5705
2604,95,1913
2606,100,2085
2607,100,798
2608,100,825
2609,100,394
2610,100,2337
2611,100,339
2612,79,2338
2613,100,2267
2614,100,1257
2616,100,1194
2617,97,2860
2618,100,2226
2621,100,1195
2623,100,2086
2624,100,1347
2625,97,1541
2626,100,1064
2627,100,2184
2628,100,1238
2629,100,2253
2631,97,2117
2632,100,1800
2633,100,362
2634,100,1985
2635,100,1926
2636,100,2374
2637,100,665
2638,97,1755
2639,100,2398
2640,100,1170
2641,100,1625
2642,100,1279
2643,97,3446
2644,100,690
2645,95,666
2646,84,3268
2647,100,2055
2649,100,1133
2650,92,2185
2652,100,557
2653,100,944
2654,92,1612
2655,95,873
2656,97,1381
2658,100,430
2660,94,930
2661,95,2001
2663,100,2242
2668,95,1713
2670,100,273
2671,100,562
2672,100,1889
2685,100,565
2686,100,2056
2687,100,950
2689,92,1207
2690,100,2339
2691,100,1479
2692,85,2399
2693,100,4424
2694,100,2340
2695,100,3141
2696,100,1031
2697,100,1825
2698,100,2254
2699,100,3367
2700,95,2118
2701,100,568
2702,100,1826
2703,79,146
2704,100,1801
2705,97,636
2706,100,1765
2707,100,1745
2708,97,2211
2709,100,1827
2710,100,1382
2711,100,979
2712,100,120
2713,95,2203
2714,100,1500
2716,100,627
2717,84,2087
2718,100,347
2720,89,1208
2721,100,753
2722,97,349
2724,87,3704
2725,97,1633
2727,82,3068
2728,100,3142
2731,86,2425
2732,100,693
2733,95,161
2734,95,1723
2735,95,1932
2736,95,951
2737,100,412
2739,95,344
2740,90,271
2741,100,463
2742,95,5070
2743,100,569
2744,100,1802
2745,86,327
2746,90,2400
2747,94,4474
2749,94,1318
2750,100,329
2751,84,746
2752,87,3447
2753,100,9
2754,94,2014
2756,100,107
2757,95,1239
2758,100,2015
2761,97,3369
2762,100,1280
2763,89,1756
2764,90,222
2766,100,2505
2767,97,534
2768,90,2088
2769,100,1209
2770,95,253
2771,89,2401
2772,97,267
2774,100,1771
2775,97,5708
2777,92,164
2778,100,1294
2780,95,3189
2781,100,2506
2782,100,566
2783,100,1746
2784,95,133
2785,97,799
2786,97,2686
2787,100,571
2788,92,1348
2789,100,1501
2790,100,1295
2791,95,1714
2792,90,517
2793,100,5516
2795,100,1319
2796,88,1449
2797,100,238
2808,97,3969
2810,97,282
2811,100,3524
2812,100,2279
2813,77,386
2814,100,631
2815,100,1100
2817,95,2687
2818,100,3835
2819,100,330
2821,97,2426
2822,95,2228
2824,94,216
2826,95,3449
2827,100,755
2828,100,2260
2829,92,1927
2831,95,2917
2832,92,4138
2833,100,1928
2834,100,1946
2836,90,1196
2837,100,533
2838,100,1987
2839,95,2376
2840,95,361
2842,100,2711
2844,97,204
2845,100,3590
2846,85,359
2847,89,3042
2848,86,2712
2849,100,1101
2850,97,28
2851,95,1724
2853,100,1296
2854,95,3133
2856,100,2713
2858,97,2528
2860,100,2618
2861,100,3134
2862,97,1436
2863,84,1529
2866,95,4553
2867,100,4601
2868,95,4506
2869,95,3600
2870,100,1349
2871,100,4313
2872,100,1470
2873,92,1384
2875,91,240
2876,87,130
2877,100,454
2878,97,1385
2879,100,4983
2880,97,630
2881,97,4117
2882,95,2648
2884,89,1828
2885,95,2657
2886,75,3269
2890,97,5671
2892,100,2794
2893,82,284
2894,81,1197
2895,81,1172
2896,95,105
2897,95,1281
2898,97,128
2900,100,4004
2901,80,3135
2904,100,691
2905,92,3803
2906,80,244
2907,97,1173
2909,87,1011
2910,97,904
2912,90,5784
2914,95,108
2915,97,1350
2916,100,2089
2917,100,1715
2918,89,2057
2919,100,2033
2920,94,2058
2921,78,1725
2922,95,236
2923,92,155
2924,100,2002
2926,100,1102
2927,92,932
2928,92,2649
2929,95,81
2930,84,2427
2931,100,3882
2932,100,532
2933,100,5450
2934,95,2813
2935,97,3379
2936,100,1933
2939,95,3380
2940,100,1609
2942,100,302
2943,95,700
2944,97,3528
2946,100,278
2947,84,698
2948,94,45
2950,95,186
2951,95,3381
2952,90,2795
2954,97,2529
2956,97,1803
2957,100,2989
2960,86,2229
2961,100,632
2962,97,1687
2963,100,2464
2965,100,2776
2966,92,2590
2967,89,694
2969,94,2973
2970,95,1351
2971,95,3006
2973,95,2530
2974,100,109
2975,100,3270
2977,100,4642
2978,87,2508
2979,100,2890
2980,100,2090
2982,90,3069
2983,95,1103
2984,90,2567
2985,87,2862
2987,100,3908
2989,97,243
2990,100,4415
2991,95,373
2993,100,461
2994,97,2621
2996,94,748
2997,97,2744
2998,100,2998
2999,95,2903
3000,85,2568
3002,89,4118
3003,97,1056
3006,100,3314
3007,97,3176
3008,100,158
3009,95,1634
3010,97,1033
3011,97,3180
3012,100,79
3013,100,522
3014,100,2034
3015,100,2892
3016,100,1782
3017,100,1592
3018,92,1135
3019,100,1503
3020,100,4033
3021,100,2688
3024,100,1049
3025,97,1174
3027,92,2913
3029,100,390
3031,100,2747
3032,100,635
3033,100,981
3034,100,131
3036,90,203
3037,95,2119
3038,100,1013
3039,97,1726
3040,97,2531
3041,95,2342
3042,100,285
3043,97,1929
3044,92,5580
3045,97,1298
3046,95,1635
3047,100,2205
3050,92,4206
3051,100,197
3052,100,2003
3053,100,2294
3055,100,623
3056,100,1299
3058,89,637
3059,94,638
3060,94,3712
3062,100,3529
3063,100,2569
3064,95,701
3066,81,1065
3069,100,2622
3070,97,3143
3071,97,2206
3072,100,192
3073,92,530
3075,97,2592
3076,97,1948
3077,92,1547
3078,100,2379
3079,95,2354
3080,92,563
3081,100,2004
3082,100,2016
3083,100,1320
3085,95,1593
3086,95,250
3087,100,323
3088,100,1829
3089,92,2140
3090,100,3884
3093,100,697
3094,100,1530
3095,100,947
3096,88,1321
3098,100,2005
3099,94,1034
3100,94,1727
3101,89,3453
3102,100,3909
3103,100,1198
3104,90,2309
3105,90,801
3106,100,378
3107,100,1300
3108,97,982
3110,95,1531
3111,87,4635
3112,97,2667
3113,100,570
3118,97,3382
3150,97,1306
3261,100,35
3307,100,1352
3543,100,1805
3586,90,695
3789,95,521
3846,100,573
3904,89,1322
4040,100,1199
4343,87,1323
4630,90,3318
4668,97,1532
4925,100,2023
5046,95,2976
5227,100,459
5338,87,1471
5387,87,19
5607,92,1200
5616,100,68
5664,95,1353
5684,90,1175
5876,100,1890
5888,100,4005
5972,95,1324
6118,92,1354
6253,100,835
6259,100,2921
6271,92,1439
6272,100,2403
6274,95,2624
6280,100,1441
6282,100,1891
6284,89,4458
6285,97,3713
6286,100,1480
6287,94,1301
6294,79,2893
6298,100,1647
6300,100,270
6306,95,1415
6313,94,3595
6314,80,1728
6315,94,2815
6316,100,931
6317,89,1437
6320,100,2651
6324,100,3910
6325,95,2059
6327,100,2343
6332,89,413
6348,97,751
6354,84,3193
6355,89,314
6358,73,1648
6362,100,2363
6364,92,1688
6370,92,1176
6373,95,3255
6375,97,6
6377,92,3629
6379,95,1210
6383,100,4038
6384,100,2380
6385,97,289
6388,94,2977
6393,100,2091
6397,92,564
6404,100,3885
6405,97,201
6410,95,3515
6415,97,800
6417,94,2715
6423,100,42
6424,100,1240
6428,100,3383
6430,83,1636
6432,100,231
6436,97,1758
6437,100,1895
6438,97,1455
6440,100,1386
6443,92,2777
6444,100,1623
6445,94,2344
6455,100,3714
6456,100,2310
6457,100,1938
6459,89,1693
6460,83,462
6462,100,1035
6463,84,3384
6465,97,1282
6468,100,1088
6470,100,4637
6472,97,41
6474,92,3468
6483,95,2231
6491,100,2120
6498,79,806
6503,97,395
6508,92,5049
6511,82,836
6512,100,3195
6513,100,5017
6517,97,3759
6522,97,1716
6542,95,188
6543,81,1136
6547,100,3139
6548,95,2545
6551,100,1915
6557,100,2404
6561,100,634
6562,97,2570
6565,100,1916
6566,100,1481
6572,100,3530
6573,100,1014
6576,89,39
6610,86,4586
6614,100,1433
6616,100,2405
6617,97,2232
6619,100,1302
6625,82,2779
6628,97,4040
6629,94,807
6639,100,1089
6640,92,2243
6641,100,4644
6642,100,2060
6644,100,1917
6645,97,1624
6648,100,1057
6652,97,1505
6653,95,1388
6655,95,928
6658,90,3706
6659,74,4762
6663,97,2121
6673,100,2233
6675,100,106
6681,100,1325
6682,100,1211
6683,100,1212
6686,90,1892
6689,94,2978
6691,87,2979
6692,94,3597
6693,95,2980
6694,100,2532
6695,100,5151
6696,89,3841
6697,100,2817
6698,83,2864
6701,100,2406
6703,100,1326
6705,100,692
6706,100,3
6708,95,1327
6717,95,111
6720,100,75
6721,100,1328
6724,97,4763
6728,84,1554
6732,100,1050
6734,97,2186
6735,100,1897
6744,92,1729
6747,100,2355
6748,100,276
6752,100,5327
6755,94,2281
6760,79,1222
6766,100,1105
6768,100,1869
6769,94,702
6775,100,803
6777,100,4691
6781,100,4179
6784,92,1934
6786,100,882
6790,100,1650
6791,100,279
6795,90,4274
6801,97,1935
6802,95,1473
6806,95,2244
6818,100,1283
6820,84,1142
6821,91,3179
6825,89,754
6828,100,2346
6831,100,642
6832,100,2347
6833,100,2381
6834,100,1878
6835,100,178
6836,100,1474
6840,100,2234
6846,100,1090
6848,87,3469
6850,100,1941
6851,90,1893
6853,92,1177
6854,100,2187
6855,100,1051
6856,97,906
6866,100,2017
6868,86,3912
6870,100,983
6872,100,2407
6876,95,2923
6879,87,11
6881,100,1178
6887,100,4546
6891,100,5601
6892,97,1259
6893,92,529
6896,100,4854
6897,79,3258
6900,87,179
6904,90,265
6908,100,2007
6910,89,639
6911,97,4645
6915,94,1389
6917,97,2689
6920,83,2061
6922,97,2925
6923,95,137
6929,95,2446
6930,90,3846
6932,97,2716
6935,90,1390
6939,100,2571
6942,100,907
6944,76,1417
6945,97,2235
6949,100,261
6950,100,260
6951,100,255
7000,100,400
7002,100,1052
7006,100,1137
7010,95,2245
7012,100,4974
7013,94,264
7016,95,3071
7023,90,1201
7032,100,2750
7033,81,745
7034,100,3273
7063,86,1418
7065,86,4120
7068,100,1091
7097,71,3519
7110,87,2408
7122,94,2914
7128,89,193
7140,100,2062
7143,97,625
7146,89,747
7147,82,2820
7168,100,147
7178,97,1637
7183,89,3075
7184,100,2867
7220,100,3716
7224,95,1596
7234,90,404
7235,100,1284
7236,100,2122
7246,87,405
7249,100,526
7252,100,3812
7254,95,3262
7258,100,3263
7259,97,3264
7262,100,3265
7263,89,3266
7264,100,198
7266,100,2983
7270,95,1759
7277,100,750
7284,100,2535
7296,100,1651
7298,97,986
7299,97,1424
7304,100,2092
7310,91,182
7320,95,1285
7333,100,629
7350,100,2429
7351,97,1760
7353,73,804
7369,94,73
7379,100,2036
7385,100,1930
7390,86,1653
7423,84,1859
7446,100,1807
7452,100,2008
7464,100,524
7511,89,802
7562,92,96
7565,100,340
Time: 7.960 ms
